Model,MSE,RMSE,MAE,MAPE (%),SMAPE (%),R² Score,Explained Variance,Directional Acc (%),Theil's U,Max Error,Median AE,Correlation
Linear Regression,204.56885198734764,14.30275679676291,10.203622568719116,0.46514647248883284,0.46508139533643345,0.9994239769445247,0.9994247198571937,80.15695067264575,0.3887768260829336,144.89622348666035,7.842842541112532,0.9997124419105404
LSTM (Original),348981.09602731845,590.746219647082,439.0585297358293,16.71469957228427,18.978407512435183,0.0020103457478468645,0.5488993090462229,50.11363636363636,15.974691608200331,1770.2238769531245,260.7408447265625,0.9320888943952932
LSTM (Optimized),53089.73748874418,230.41210360730656,165.94148883105137,6.358210194944528,6.655342344227366,0.8481779977085583,0.9167675017464264,51.02272727272727,6.23068630175457,782.3771972656245,108.72229003906227,0.9879499731572132
